-- MySQL dump 10.13  Distrib 8.0.29, for Win64 (x86_64)
--
-- Host: localhost    Database: mundial
-- ------------------------------------------------------
-- Server version	8.0.29

/*!40101 SET @OLD_CHARACTER_SET_CLIENT=@@CHARACTER_SET_CLIENT */;
/*!40101 SET @OLD_CHARACTER_SET_RESULTS=@@CHARACTER_SET_RESULTS */;
/*!40101 SET @OLD_COLLATION_CONNECTION=@@COLLATION_CONNECTION */;
/*!50503 SET NAMES utf8 */;
/*!40103 SET @OLD_TIME_ZONE=@@TIME_ZONE */;
/*!40103 SET TIME_ZONE='+00:00' */;
/*!40014 SET @OLD_UNIQUE_CHECKS=@@UNIQUE_CHECKS, UNIQUE_CHECKS=0 */;
/*!40014 SET @OLD_FOREIGN_KEY_CHECKS=@@FOREIGN_KEY_CHECKS, FOREIGN_KEY_CHECKS=0 */;
/*!40101 SET @OLD_SQL_MODE=@@SQL_MODE, SQL_MODE='NO_AUTO_VALUE_ON_ZERO' */;
/*!40111 SET @OLD_SQL_NOTES=@@SQL_NOTES, SQL_NOTES=0 */;

--
-- Table structure for table `entradas`
--

DROP TABLE IF EXISTS `entradas`;
/*!40101 SET @saved_cs_client     = @@character_set_client */;
/*!50503 SET character_set_client = utf8mb4 */;
CREATE TABLE `entradas` (
  `Fase` varchar(100) DEFAULT NULL,
  `CAT1` int DEFAULT NULL,
  `CAT2` int DEFAULT NULL,
  `CAT3` int DEFAULT NULL
) ENGINE=InnoDB DEFAULT CHARSET=utf8mb4 COLLATE=utf8mb4_0900_ai_ci;
/*!40101 SET character_set_client = @saved_cs_client */;

--
-- Dumping data for table `entradas`
--

LOCK TABLES `entradas` WRITE;
/*!40000 ALTER TABLE `entradas` DISABLE KEYS */;
INSERT INTO `entradas` VALUES ('Inaugural',618,440,300),('Fase de grupos',220,165,69),('Octavos de final',275,206,96),('Cuartos de final',425,290,206),('Semifinales',955,660,357),('Tercer puesto',425,302,206),('Final',1600,1000,605);
/*!40000 ALTER TABLE `entradas` ENABLE KEYS */;
UNLOCK TABLES;

--
-- Table structure for table `equipos`
--

DROP TABLE IF EXISTS `equipos`;
/*!40101 SET @saved_cs_client     = @@character_set_client */;
/*!50503 SET character_set_client = utf8mb4 */;
CREATE TABLE `equipos` (
  `NOMBRE` varchar(100) DEFAULT NULL,
  `Partidos` varchar(30) DEFAULT NULL,
  `Goles` varchar(30) DEFAULT NULL,
  `Valor` varchar(30) DEFAULT NULL,
  `Equipos` varchar(30) DEFAULT NULL
) ENGINE=InnoDB DEFAULT CHARSET=utf8mb4 COLLATE=utf8mb4_0900_ai_ci;
/*!40101 SET character_set_client = @saved_cs_client */;

--
-- Dumping data for table `equipos`
--

LOCK TABLES `equipos` WRITE;
/*!40000 ALTER TABLE `equipos` DISABLE KEYS */;
INSERT INTO `equipos` VALUES ('MohammedAlRubaiePortero','6','0','1200000\n','Arabia Saudita'),('MohammedAlOwaisPortero','27','0','900000\n','Arabia Saudita'),('FawazAlQarniPortero','9','0','350000\n','Arabia Saudita'),('NawafAlAqidiPortero','-','0','50000\n','Arabia Saudita'),('AbdulelahAlAmriDefensacentral','5','1','1000000\n','Arabia Saudita'),('AbdullahMaduDefensacentral','-','0','900000\n','Arabia Saudita'),('HassanTambaktiDefensacentral','11','0','600000\n','Arabia Saudita'),('AliAlBoleahiDefensacentral','21','0','400000\n','Arabia Saudita'),('YasserAlShahraniLateralizquierdo','61','2','2000000\n','Arabia Saudita'),('AhmedBamsaudLateralizquierdo','-','0','600000\n','Arabia Saudita'),('NasserAlDawsariLateralizquierdo','2','0','350000\n','Arabia Saudita'),('SultanAlGhannamLateralderecho','15','0','3500000\n','Arabia Saudita'),('SaudAbdulhamidLateralderecho','8','0','1200000\n','Arabia Saudita'),('AliAlHassanPivote','2','1','300000\n','Arabia Saudita'),('AwadAlNashriPivote','-','0','75000\n','Arabia Saudita'),('RiadSharahiliPivote','-','0','25000\n','Arabia Saudita'),('MohamedKannoMediocentro','22','1','1800000\n','Arabia Saudita'),('SamiAlNajeiMediocentroofensivo','7','0','900000\n','Arabia Saudita'),('NawafAlAbedMediocentroofensivo','43','8','350000\n','Arabia Saudita'),('SalemAlDawsariExtremoizquierdo','53','14','2800000\n','Arabia Saudita'),('HattanBahebriExtremoderecho','8','0','900000\n','Arabia Saudita'),('FahadAlMuwalladExtremoderecho','62','17','-\n','Arabia Saudita'),('FirasAlBuraikanDelanterocentro','12','4','1200000\n','Arabia Saudita'),('HaithamAsiriDelanterocentro','3','0','600000\n','Arabia Saudita'),('HarouneCamaraDelanterocentro','3','0','400000\n','Arabia Saudita'),('EmilianoMartínezPortero','18.0','0','28000000\n','Argentina'),('GerónimoRulliPortero','4.0','0','6000000\n','Argentina'),('FrancoArmaniPortero','18.0','0','3200000\n','Argentina'),('CristianRomeroDefensacentral','12.0','1','55000000\n','Argentina'),('LisandroMartínezDefensacentral','9.0','0','50000000\n','Argentina'),('FacundoMedinaDefensacentral','2.0','0','13000000\n','Argentina'),('NehuénPérezDefensacentral','1.0','0','6000000\n','Argentina'),('GermánPezzellaDefensacentral','31.0','2','5000000\n','Argentina'),('NicolásOtamendiDefensacentral','92.0','4','3500000\n','Argentina'),('NicolásTagliaficoLateralizquierdo','42.0','0','11000000\n','Argentina'),('NahuelMolinaLateralderecho','18.0','0','20000000\n','Argentina'),('GonzaloMontielLateralderecho','18.0','0','14000000\n','Argentina'),('GuidoRodríguezPivote','25.0','1','25000000\n','Argentina'),('LeandroParedesPivote','45.0','4','17000000\n','Argentina'),('RodrigodePaulMediocentro','43.0','2','35000000\n','Argentina'),('AlexisMacAllisterMediocentro','7.0','0','25000000\n','Argentina'),('GiovaniLoCelsoMediocentro','41.0','2','22000000\n','Argentina'),('EnzoFernándezMediocentro','2.0','0','20000000\n','Argentina'),('ThiagoAlmadaMediocentroofensivo','1.0','0','15000000\n','Argentina'),('PapuGómezExtremoizquierdo','15.0','3','6000000\n','Argentina'),('LionelMessiExtremoderecho','164.0','90','50000000\n','Argentina'),('ÁngelCorreaExtremoderecho','22.0','3','40000000\n','Argentina'),('ÁngelDiMaríaExtremoderecho','123.0','25','12000000\n','Argentina'),('JoaquínCorreaMediapunta','18.0','3','23000000\n','Argentina'),('LautaroMartínezDelanterocentro','40.0','21','75000000\n','Argentina'),('JuliánÁlvarezDelanterocentro','11.0','2','28000000\n','Argentina'),('MathewRyanPortero','75','0','5000000\n','Australia'),('MitchellLangerakPortero','8','0','800000\n','Australia'),('AndrewRedmaynePortero','3','0','700000\n','Australia'),('MilosDegenekDefensacentral','38','1','2500000\n','Australia'),('TrentSainsburyDefensacentral','61','4','750000\n','Australia'),('HarrisonDelbridgeDefensacentral','1','0','550000\n','Australia'),('ThomasDengDefensacentral','2','0','400000\n','Australia'),('AzizBehichLateralizquierdo','53','2','775000\n','Australia'),('JoelKingLateralizquierdo','3','0','500000\n','Australia'),('NathanielAtkinsonLateralderecho','5','0','1000000\n','Australia'),('FranKaracicLateralderecho','10','1','1000000\n','Australia'),('RyanStrainLateralderecho','-','0','300000\n','Australia'),('ConnorMetcalfePivote','5','0','800000\n','Australia'),('KeanuBaccusPivote','-','0','600000\n','Australia'),('CammyDevlinPivote','1','0','600000\n','Australia'),('AaronMooyMediocentro','53','7','5000000\n','Australia'),('RileyMcGreeMediocentro','10','1','2000000\n','Australia'),('JacksonIrvineMediocentro','49','7','2000000\n','Australia'),('TyreseFrancoisMediocentro','-','0','500000\n','Australia'),('AjdinHrusticMediocentroofensivo','20','3','2000000\n','Australia'),('DenisGenreauMediocentroofensivo','3','0','1200000\n','Australia'),('AwerMabilExtremoizquierdo','29','8','1800000\n','Australia'),('MathewLeckieExtremoizquierdo','72','13','1000000\n','Australia'),('MartinBoyleExtremoderecho','19','5','2500000\n','Australia'),('MarcoTilioExtremoderecho','4','0','900000\n','Australia'),('JamieMaclarenDelanterocentro','26','8','1500000\n','Australia'),('AdamTaggartDelanterocentro','17','6','800000\n','Australia'),('JasonCummingsDelanterocentro','-','0','750000\n','Australia'),('MitchellDukeDelanterocentro','20','7','700000\n','Australia'),('GarangKuolDelanterocentro','1','0','100000\n','Australia'),('ThibautCourtoisPortero','96.0','0','60000000\n','Bélgica'),('KoenCasteelsPortero','4.0','0','11000000\n','Bélgica'),('MatzSelsPortero','2.0','0','8000000\n','Bélgica'),('SimonMignoletPortero','35.0','0','3500000\n','Bélgica'),('ArthurTheateDefensacentral','3.0','0','18000000\n','Bélgica'),('WoutFaesDefensacentral','1.0','0','15000000\n','Bélgica'),('BrandonMecheleDefensacentral','3.0','0','6000000\n','Bélgica'),('TobyAlderweireldDefensacentral','123.0','5','5000000\n','Bélgica'),('ZenoDebastDefensacentral','2.0','0','4000000\n','Bélgica'),('DedryckBoyataDefensacentral','31.0','0','3500000\n','Bélgica'),('JanVertonghenDefensacentral','141.0','9','2000000\n','Bélgica'),('TimothyCastagneLateralderecho','25.0','2','28000000\n','Bélgica'),('ThomasMeunierLateralderecho','58.0','8','6500000\n','Bélgica'),('ThomasFoketLateralderecho','9.0','1','5000000\n','Bélgica'),('AmadouOnanaPivote','2.0','0','30000000\n','Bélgica'),('LeanderDendonckerPivote','29.0','1','28000000\n','Bélgica'),('AxelWitselPivote','126.0','12','5000000\n','Bélgica'),('YouriTielemansMediocentro','54.0','5','45000000\n','Bélgica'),('DennisPraetMediocentro','15.0','2','11000000\n','Bélgica'),('KevinDeBruyneMediocentroofensivo','93.0','25','85000000\n','Bélgica'),('CharlesDeKetelaereMediocentroofensivo','10.0','1','30000000\n','Bélgica'),('HansVanakenMediocentroofensivo','22.0','5','16000000\n','Bélgica'),('YannickCarrascoExtremoizquierdo','59.0','8','40000000\n','Bélgica'),('LeandroTrossardExtremoizquierdo','21.0','5','25000000\n','Bélgica'),('EdenHazardExtremoizquierdo','122.0','33','12000000\n','Bélgica'),('ThorganHazardExtremoizquierdo','45.0','9','12000000\n','Bélgica'),('AlexisSaelemaekersExtremoderecho','9.0','1','17000000\n','Bélgica'),('AdnanJanuzajExtremoderecho','15.0','1','9000000\n','Bélgica'),('DodiLukébakioExtremoderecho','5.0','0','7500000\n','Bélgica'),('RomeluLukakuDelanterocentro','102.0','68','70000000\n','Bélgica'),('LoïsOpendaDelanterocentro','4.0','1','12000000\n','Bélgica'),('MichyBatshuayiDelanterocentro','47.0','26','10000000\n','Bélgica'),('DriesMertensDelanterocentro','106.0','21','3400000\n','Bélgica'),('AlissonPortero','56.0','0','50000000\n','Brasil'),('EdersonPortero','18.0','0','45000000\n','Brasil'),('WevertonPortero','11.0','0','4000000\n','Brasil'),('MarquinhosDefensacentral','70.0','5','70000000\n','Brasil'),('ÉderMilitãoDefensacentral','23.0','1','60000000\n','Brasil'),('BremerDefensacentral','1.0','0','40000000\n','Brasil'),('RogerIbañezDefensacentral','1.0','0','23000000\n','Brasil'),('ThiagoSilvaDefensacentral','108.0','7','2500000\n','Brasil'),('RenanLodiLateralizquierdo','15.0','0','25000000\n','Brasil'),('AlexTellesLateralizquierdo','7.0','0','18000000\n','Brasil'),('DaniloLateralderecho','45.0','1','13000000\n','Brasil'),('FabinhoPivote','28.0','0','60000000\n','Brasil'),('CasemiroPivote','64.0','5','50000000\n','Brasil'),('BrunoGuimarãesPivote','8.0','1','50000000\n','Brasil'),('FredMediocentro','27.0','0','20000000\n','Brasil'),('LucasPaquetáMediocentroofensivo','34.0','7','45000000\n','Brasil'),('ÉvertonRibeiroMediocentroofensivo','22.0','3','4500000\n','Brasil'),('ViniciusJuniorExtremoizquierdo','15.0','1','120000000\n','Brasil'),('NeymarExtremoizquierdo','120.0','74','75000000\n','Brasil'),('AntonyExtremoderecho','10.0','2','75000000\n','Brasil'),('RodrygoExtremoderecho','6.0','1','70000000\n','Brasil'),('RaphinhaExtremoderecho','10.0','3','50000000\n','Brasil'),('RicharlisonDelanterocentro','37.0','16','50000000\n','Brasil'),('RobertoFirminoDelanterocentro','55.0','17','32000000\n','Brasil'),('MatheusCunhaDelanterocentro','8.0','0','30000000\n','Brasil'),('PedroDelanterocentro','1.0','0','12000000\n','Brasil'),('AndréOnanaPortero','31','0','12000000\n','Camerún'),('DevisEpassyPortero','5','0','600000\n','Camerún'),('SimonNgapandouetnbuPortero','-','0','400000\n','Camerún'),('ChristopherWoohDefensacentral','1','0','6000000\n','Camerún'),('JeanCharlesCastellettoDefensacentral','12','0','5000000\n','Camerún'),('NicolasNKoulouDefensacentral','73','1','2500000\n','Camerún'),('OumarGonzalezDefensacentral','-','0','2500000\n','Camerún'),('EnzoTchatoDefensacentral','1','0','250000\n','Camerún'),('EnzoEbosseLateralizquierdo','-','0','4000000\n','Camerún'),('NouhouLateralizquierdo','16','0','3000000\n','Camerún'),('DarlinYongwaLateralizquierdo','1','0','1200000\n','Camerún'),('OlivierMbaizoLateralderecho','11','0','1500000\n','Camerún'),('CollinsFaiLateralderecho','50','0','900000\n','Camerún'),('JeanOnanaPivote','10','0','5000000\n','Camerún'),('MartinHonglaPivote','17','0','4000000\n','Camerún'),('SamuelOumGouetPivote','21','0','1800000\n','Camerún'),('GaëlOndouaPivote','4','0','1000000\n','Camerún'),('GeorgesMandjeckPivote','48','0','200000\n','Camerún'),('OlivierNtchamMediocentro','2','0','2800000\n','Camerún'),('PierreKundeMediocentro','30','1','2000000\n','Camerún'),('GeorgesKevinNKoudouExtremoizquierdo','1','0','5500000\n','Camerún'),('NicolasMoumiNgamaleuExtremoizquierdo','41','4','4700000\n','Camerún'),('BryanMbeumoExtremoderecho','2','0','25000000\n','Camerún'),('VincentAboubakarDelanterocentro','88','33','7000000\n','Camerún'),('JeanPierreNsameDelanterocentro','4','0','4000000\n','Camerún'),('LéandreTawambaDelanterocentro','7','0','2000000\n','Camerún'),('MaximeCrépeauPortero','15','0','2500000\n','Canadá'),('DayneStClairPortero','1','0','1500000\n','Canadá'),('MilanBorjanPortero','65','0','1500000\n','Canadá'),('KamalMillerDefensacentral','23','0','3000000\n','Canadá'),('JoelWatermanDefensacentral','-','0','1500000\n','Canadá'),('DerekCorneliusDefensacentral','14','0','800000\n','Canadá'),('DoneilHenryDefensacentral','42','1','750000\n','Canadá'),('ScottKennedyDefensacentral','8','0','600000\n','Canadá'),('StevenVitóriaDefensacentral','30','2','100000\n','Canadá'),('AlphonsoDaviesLateralizquierdo','32','12','70000000\n','Canadá'),('SamAdekugbeLateralizquierdo','27','1','2000000\n','Canadá'),('RaheemEdwardsLateralizquierdo','4','0','600000\n','Canadá'),('AlistairJohnstonLateralderecho','24','1','4000000\n','Canadá'),('RichieLaryeaLateralderecho','28','1','2500000\n','Canadá'),('StephenEustaquioPivote','22','3','5000000\n','Canadá'),('SamuelPiettePivote','61','0','2500000\n','Canadá'),('AtibaHutchinsonPivote','97','9','200000\n','Canadá'),('IsmaëlKonéMediocentro','2','0','4500000\n','Canadá'),('MarkAnthonyKayeMediocentro','34','2','4000000\n','Canadá'),('LiamMillarExtremoizquierdo','15','0','3000000\n','Canadá'),('LucaKoleoshoExtremoizquierdo','-','0','1000000\n','Canadá'),('JuniorHoilettExtremoizquierdo','45','14','800000\n','Canadá'),('TajonBuchananExtremoderecho','22','4','9500000\n','Canadá'),('TheoCorbeanuExtremoderecho','6','2','1500000\n','Canadá'),('JonathanDavidDelanterocentro','30','20','45000000\n','Canadá'),('CyleLarinDelanterocentro','50','24','7500000\n','Canadá'),('IkéUgboDelanterocentro','4','0','4500000\n','Canadá'),('LucasCavalliniDelanterocentro','31','16','2500000\n','Canadá'),('CharlesAndreasBrymDelanterocentro','6','1','325000\n','Canadá'),('BumkeunSongPortero','1','0','950000\n','Corea del Sur'),('SeunggyuKimPortero','66','0','750000\n','Corea del Sur'),('DongjunKimPortero','1','0','550000\n','Corea del Sur'),('MinjaeKimDefensacentral','44','3','25000000\n','Corea del Sur'),('KyungwonKwonDefensacentral','27','2','750000\n','Corea del Sur'),('YuminChoDefensacentral','3','0','625000\n','Corea del Sur'),('YounggwonKimDefensacentral','95','6','600000\n','Corea del Sur'),('JinsuKimLateralizquierdo','61','2','600000\n','Corea del Sur'),('ChulHongLateralizquierdo','45','1','525000\n','Corea del Sur'),('TaehwanKimLateralderecho','18','0','950000\n','Corea del Sur'),('MoonhwanKimLateralderecho','21','0','950000\n','Corea del Sur'),('JonggyuYoonLateralderecho','3','0','600000\n','Corea del Sur'),('JunhoSonPivote','14','0','3200000\n','Corea del Sur'),('WooyoungJungPivote','65','3','700000\n','Corea del Sur'),('InbeomHwangMediocentro','37','4','3000000\n','Corea del Sur'),('SeunghoPaikMediocentro','13','2','925000\n','Corea del Sur'),('KanginLeeMediocentroofensivo','6','0','9000000\n','Corea del Sur'),('JaesungLeeMediocentroofensivo','64','9','3000000\n','Corea del Sur'),('HeungminSonExtremoizquierdo','104','35','75000000\n','Corea del Sur'),('SanghoNaExtremoizquierdo','23','2','900000\n','Corea del Sur'),('ChanghoonKwonExtremoderecho','41','12','1500000\n','Corea del Sur'),('YoungwookChoExtremoderecho','4','1','700000\n','Corea del Sur'),('HyunjunYangExtremoderecho','-','0','275000\n','Corea del Sur'),('WooyeongJeongMediapunta','9','2','5500000\n','Corea del Sur'),('HeechanHwangDelanterocentro','49','9','16000000\n','Corea del Sur'),('UijoHwangDelanterocentro','49','16','7000000\n','Corea del Sur'),('LeonelMoreiraPortero','23.0','0','275000\n','Costa Rica'),('AaronCruzPortero','2.0','0','275000\n','Costa Rica'),('EstebanAlvaradoPortero','22.0','0','200000\n','Costa Rica'),('PatrickSequeiraPortero','1.0','0','200000\n','Costa Rica'),('FranciscoCalvoDefensacentral','74.0','8','1700000\n','Costa Rica'),('JuanPabloVargasDefensacentral','11.0','1','1500000\n','Costa Rica'),('ÓscarDuarteDefensacentral','68.0','3','800000\n','Costa Rica'),('KendallWastonDefensacentral','60.0','6','225000\n','Costa Rica'),('IanLawrenceLateralizquierdo','3.0','0','250000\n','Costa Rica'),('BryanOviedoLateralizquierdo','72.0','2','200000\n','Costa Rica'),('KeysherFullerLateralderecho','28.0','2','225000\n','Costa Rica'),('CarlosMartínezLateralderecho','4.0','0','225000\n','Costa Rica'),('RicardoBlancoLateralderecho','14.0','0','200000\n','Costa Rica'),('OrlandoGaloPivote','9.0','0','300000\n','Costa Rica'),('DanielChacónPivote','7.0','0','300000\n','Costa Rica'),('YeltsinTejedaPivote','72.0','0','275000\n','Costa Rica'),('DouglasLópezPivote','1.0','0','275000\n','Costa Rica'),('CelsoBorgesMediocentro','151.0','25','225000\n','Costa Rica'),('RoanWilsonMediocentro','1.0','0','225000\n','Costa Rica'),('GersonTorresInteriorderecho','12.0','1','325000\n','Costa Rica'),('AllenGuevaraInteriorderecho','14.0','0','225000\n','Costa Rica'),('ÁlvaroZamoraInteriorizquierdo','1.0','0','-\n','Costa Rica'),('BrandonAguileraMediocentroofensivo','3.0','0','325000\n','Costa Rica'),('AarónSuárezMediocentroofensivo','2.0','0','275000\n','Costa Rica'),('BryanRuizMediocentroofensivo','143.0','29','200000\n','Costa Rica'),('JewisonBennetteExtremoizquierdo','6.0','0','1000000\n','Costa Rica'),('JoelCampbellExtremoderecho','117.0','25','2500000\n','Costa Rica'),('CarlosMoraExtremoderecho','3.0','0','275000\n','Costa Rica'),('AnthonyHernándezExtremoderecho','1.0','0','-\n','Costa Rica'),('AnthonyContrerasDelanterocentro','7.0','2','350000\n','Costa Rica'),('JohanVenegasDelanterocentro','79.0','11','325000\n','Costa Rica'),('DominikLivakovicPortero','33','0','8500000\n','Croacia'),('IvicaIvusicPortero','5','0','4500000\n','Croacia'),('NediljkoLabrovicPortero','-','0','2000000\n','Croacia'),('LovreKalinicPortero','19','0','2000000\n','Croacia'),('JoskoGvardiolDefensacentral','12','1','60000000\n','Croacia'),('DujeCaletaCarDefensacentral','23','1','16000000\n','Croacia'),('JosipSutaloDefensacentral','3','0','8000000\n','Croacia'),('MarinPongracicDefensacentral','5','0','6000000\n','Croacia'),('MartinErlicDefensacentral','3','0','5500000\n','Croacia'),('DejanLovrenDefensacentral','71','5','4500000\n','Croacia'),('DomagojVidaDefensacentral','99','4','1900000\n','Croacia'),('BornaSosaLateralizquierdo','8','1','20000000\n','Croacia'),('BornaBarisicLateralizquierdo','27','1','6000000\n','Croacia'),('JosipStanisicLateralderecho','6','0','8000000\n','Croacia'),('JosipJuranovicLateralderecho','21','0','7000000\n','Croacia'),('SimeVrsaljkoLateralderecho','52','0','5000000\n','Croacia'),('MarceloBrozovicPivote','76','7','40000000\n','Croacia'),('KristijanJakicPivote','4','0','9000000\n','Croacia'),('MateoKovacicMediocentro','83','3','42000000\n','Croacia'),('LukaSucicMediocentro','3','0','20000000\n','Croacia'),('LukaModricMediocentro','154','23','10000000\n','Croacia'),('IvanPerisicInteriorizquierdo','115','32','10000000\n','Croacia'),('MarioPasalicMediocentroofensivo','42','7','28000000\n','Croacia'),('NikolaVlasicMediocentroofensivo','41','7','22000000\n','Croacia'),('LovroMajerMediocentroofensivo','10','3','20000000\n','Croacia'),('LukaIvanusecMediocentroofensivo','11','1','12500000\n','Croacia'),('JosipBrekaloExtremoizquierdo','33','4','10000000\n','Croacia'),('MislavOrsicExtremoizquierdo','20','1','10000000\n','Croacia'),('AndrejKramaricDelanterocentro','73','19','12000000\n','Croacia'),('MarkoLivajaDelanterocentro','14','3','7500000\n','Croacia'),('BrunoPetkovicDelanterocentro','22','6','6000000\n','Croacia'),('AnteBudimirDelanterocentro','15','1','6000000\n','Croacia'),('KasperSchmeichelPortero','86','0','4000000\n','Dinamarca'),('OliverChristensenPortero','1','0','3000000\n','Dinamarca'),('FrederikRönnowPortero','8','0','2800000\n','Dinamarca'),('DanielIversenPortero','-','0','2000000\n','Dinamarca'),('PeterVindahlPortero','-','0','650000\n','Dinamarca'),('AndreasChristensenDefensacentral','58','2','35000000\n','Dinamarca'),('JoachimAndersenDefensacentral','19','0','28000000\n','Dinamarca'),('VictorNelssonDefensacentral','7','0','14000000\n','Dinamarca'),('JannikVestergaardDefensacentral','35','2','9000000\n','Dinamarca'),('SimonKjaerDefensacentral','121','5','6000000\n','Dinamarca'),('NicolaiBoilesenDefensacentral','22','1','1000000\n','Dinamarca'),('JoakimMaehleLateralizquierdo','31','9','14000000\n','Dinamarca'),('RasmusKristensenLateralderecho','10','0','15000000\n','Dinamarca'),('AlexanderBahLateralderecho','4','1','7000000\n','Dinamarca'),('JensStrygerLarsenLateralderecho','49','3','2000000\n','Dinamarca'),('MortenHjulmandPivote','-','0','6500000\n','Dinamarca'),('PierreEmileHöjbjergMediocentro','60','5','42000000\n','Dinamarca'),('PhilipBillingMediocentro','3','0','18000000\n','Dinamarca'),('MathiasJensenMediocentro','20','1','12000000\n','Dinamarca'),('ThomasDelaneyMediocentro','71','6','7000000\n','Dinamarca'),('CasperNielsenMediocentro','-','0','5500000\n','Dinamarca'),('DanielWassMediocentro','44','1','3000000\n','Dinamarca'),('AndreasSkovOlsenInteriorderecho','23','8','15000000\n','Dinamarca'),('ChristianEriksenMediocentroofensivo','117','39','22000000\n','Dinamarca'),('JesperLindströmMediocentroofensivo','6','1','17000000\n','Dinamarca'),('MikkelDamsgaardExtremoizquierdo','18','4','15000000\n','Dinamarca'),('RobertSkovExtremoderecho','11','5','7000000\n','Dinamarca'),('KasperDolbergDelanterocentro','37','11','17000000\n','Dinamarca'),('RasmusHöjlundDelanterocentro','2','0','15000000\n','Dinamarca'),('JonasWindDelanterocentro','15','5','14000000\n','Dinamarca'),('YussufPoulsenDelanterocentro','68','11','10000000\n','Dinamarca'),('AndreasCorneliusDelanterocentro','41','9','7000000\n','Dinamarca'),('MartinBraithwaiteDelanterocentro','62','10','6000000\n','Dinamarca'),('MoisésRamírezPortero','2','0','800000\n','Ecuador'),('HernánGalíndezPortero','12','0','600000\n','Ecuador'),('AlexanderDomínguezPortero','67','0','350000\n','Ecuador'),('PieroHincapiéDefensacentral','21','1','22000000\n','Ecuador'),('JacksonPorozoDefensacentral','4','0','3000000\n','Ecuador'),('WilliamPachoDefensacentral','-','0','3000000\n','Ecuador'),('XavierArreagaDefensacentral','17','1','2000000\n','Ecuador'),('FernandoLeónDefensacentral','7','0','1500000\n','Ecuador'),('PervisEstupiñánLateralizquierdo','28','3','20000000\n','Ecuador'),('DiegoPalaciosLateralizquierdo','11','0','3500000\n','Ecuador'),('ByronCastilloLateralderecho','12','0','2800000\n','Ecuador'),('AngeloPreciadoLateralderecho','24','0','2500000\n','Ecuador'),('CarlosGruezoPivote','46','1','3200000\n','Ecuador'),('JhegsonMéndezPivote','31','0','1500000\n','Ecuador'),('PatricksonDelgadoPivote','-','0','300000\n','Ecuador'),('MoisésCaicedoMediocentro','25','2','25000000\n','Ecuador'),('JoséCifuentesMediocentro','10','0','10000000\n','Ecuador'),('AlanFrancoMediocentro','24','1','2500000\n','Ecuador'),('NilsonAnguloMediocentroofensivo','3','0','1500000\n','Ecuador'),('RomarioIbarraExtremoizquierdo','24','3','1800000\n','Ecuador'),('GonzaloPlataExtremoderecho','29','5','6000000\n','Ecuador'),('ÁngelMenaExtremoderecho','45','7','1500000\n','Ecuador'),('AnthonyValenciaExtremoderecho','-','0','1200000\n','Ecuador'),('MichaelEstradaDelanterocentro','35','8','3000000\n','Ecuador'),('EnnerValenciaDelanterocentro','74','35','3000000\n','Ecuador'),('DjorkaeffReascoDelanterocentro','3','0','500000\n','Ecuador'),('RobertSánchezPortero','1.0','0','25000000\n','España'),('UnaiSimónPortero','27.0','0','25000000\n','España'),('DavidRayaPortero','1.0','0','22000000\n','España'),('PauTorresDefensacentral','21.0','1','50000000\n','España'),('IñigoMartínezDefensacentral','19.0','1','20000000\n','España'),('EricGarcíaDefensacentral','18.0','0','18000000\n','España'),('DiegoLlorenteDefensacentral','10.0','0','16000000\n','España'),('JoséGayàLateralizquierdo','18.0','3','35000000\n','España'),('MarcosAlonsoLateralizquierdo','9.0','0','12000000\n','España'),('JordiAlbaLateralizquierdo','86.0','10','9000000\n','España'),('DanielCarvajalLateralderecho','30.0','0','18000000\n','España'),('CésarAzpilicuetaLateralderecho','41.0','1','9000000\n','España'),('RodriPivote','34.0','1','80000000\n','España'),('HugoGuillamónPivote','3.0','1','25000000\n','España'),('SergioBusquetsPivote','139.0','2','9000000\n','España'),('PedriMediocentro','14.0','0','90000000\n','España'),('GaviMediocentro','12.0','1','70000000\n','España'),('MarcosLlorenteMediocentro','17.0','0','40000000\n','España'),('CarlosSolerMediocentro','11.0','3','40000000\n','España'),('KokeMediocentro','67.0','0','20000000\n','España'),('DaniOlmoMediocentroofensivo','24.0','4','40000000\n','España'),('AnsuFatiExtremoizquierdo','4.0','1','60000000\n','España'),('FerranTorresExtremoizquierdo','30.0','13','40000000\n','España'),('YéremyPinoExtremoderecho','6.0','1','40000000\n','España'),('MarcoAsensioExtremoderecho','30.0','1','35000000\n','España'),('NicoWilliamsExtremoderecho','2.0','0','22000000\n','España'),('PabloSarabiaExtremoderecho','24.0','9','22000000\n','España'),('ÁlvaroMorataDelanterocentro','57.0','27','25000000\n','España'),('BorjaIglesiasDelanterocentro','1.0','0','20000000\n','España'),('RaúldeTomásDelanterocentro','4.0','0','12000000\n','España'),('MattTurnerPortero','18.0','0','5000000\n','Estados Unidos'),('SeanJohnsonPortero','10.0','0','1500000\n','Estados Unidos'),('EthanHorvathPortero','7.0','0','1000000\n','Estados Unidos'),('CameronCarterVickersDefensacentral','10.0','0','7000000\n','Estados Unidos'),('WalkerZimmermanDefensacentral','31.0','3','3500000\n','Estados Unidos'),('MarkMcKenzieDefensacentral','8.0','0','3500000\n','Estados Unidos'),('AaronLongDefensacentral','26.0','3','3000000\n','Estados Unidos'),('ErikPalmerBrownDefensacentral','4.0','0','3000000\n','Estados Unidos'),('AntoneeRobinsonLateralizquierdo','28.0','2','8000000\n','Estados Unidos'),('GeorgeBelloLateralizquierdo','7.0','0','2000000\n','Estados Unidos'),('SamVinesLateralizquierdo','8.0','1','1800000\n','Estados Unidos'),('SergiñoDestLateralderecho','17.0','2','18000000\n','Estados Unidos'),('JoeScallyLateralderecho','2.0','0','8000000\n','Estados Unidos'),('ReggieCannonLateralderecho','26.0','1','4000000\n','Estados Unidos'),('DeAndreYedlinLateralderecho','74.0','0','2000000\n','Estados Unidos'),('TylerAdamsPivote','19.0','1','17000000\n','Estados Unidos'),('KellynAcostaPivote','52.0','2','3000000\n','Estados Unidos'),('YunusMusahMediocentro','18.0','0','25000000\n','Estados Unidos'),('WestonMcKennieMediocentro','34.0','9','25000000\n','Estados Unidos'),('CristianRoldánMediocentro','32.0','0','6000000\n','Estados Unidos'),('LucadelaTorreMediocentro','10.0','0','2000000\n','Estados Unidos'),('JohnnyMediocentro','4.0','0','1800000\n','Estados Unidos'),('GiovanniReynaMediocentroofensivo','11.0','4','35000000\n','Estados Unidos'),('BrendenAaronsonMediocentroofensivo','21.0','6','30000000\n','Estados Unidos'),('MalikTillmanMediocentroofensivo','2.0','0','1500000\n','Estados Unidos'),('JordanMorrisExtremoizquierdo','47.0','10','5000000\n','Estados Unidos'),('ChristianPulisicExtremoderecho','50.0','21','42000000\n','Estados Unidos'),('PaulArriolaExtremoderecho','46.0','10','4000000\n','Estados Unidos'),('TimothyWeahDelanterocentro','24.0','3','12000000\n','Estados Unidos'),('JoshSargentDelanterocentro','19.0','5','12000000\n','Estados Unidos'),('RicardoPepiDelanterocentro','10.0','3','9000000\n','Estados Unidos'),('JesúsFerreiraDelanterocentro','12.0','7','8000000\n','Estados Unidos'),('HajiWrightDelanterocentro','3.0','1','3400000\n','Estados Unidos'),('MikeMaignanPortero','5','0','35000000\n','Francia'),('AlbanLafontPortero','-','0','16000000\n','Francia'),('AlphonseAreolaPortero','5','0','8000000\n','Francia'),('HugoLlorisPortero','139','0','7000000\n','Francia'),('SteveMandandaPortero','34','0','1500000\n','Francia'),('JulesKoundéDefensacentral','12','0','60000000\n','Francia'),('LucasHernándezDefensacentral','32','0','50000000\n','Francia'),('RaphaëlVaraneDefensacentral','87','5','48000000\n','Francia'),('PresnelKimpembeDefensacentral','28','0','40000000\n','Francia'),('IbrahimaKonatéDefensacentral','2','0','40000000\n','Francia'),('WilliamSalibaDefensacentral','7','0','40000000\n','Francia'),('DayotUpamecanoDefensacentral','7','1','40000000\n','Francia'),('BenoîtBadiashileDefensacentral','2','0','30000000\n','Francia'),('TheoHernándezLateralizquierdo','7','1','55000000\n','Francia'),('FerlandMendyLateralizquierdo','9','0','40000000\n','Francia'),('LucasDigneLateralizquierdo','46','0','25000000\n','Francia'),('AdrienTruffertLateralizquierdo','1','0','12000000\n','Francia'),('BenjaminPavardLateralderecho','46','2','30000000\n','Francia'),('AurélienTchouameniPivote','14','1','80000000\n','Francia'),('NGoloKantéPivote','53','2','40000000\n','Francia'),('BoubacarKamaraPivote','3','0','25000000\n','Francia'),('EduardoCamavingaMediocentro','4','1','55000000\n','Francia'),('MattéoGuendouziMediocentro','6','1','25000000\n','Francia'),('YoussoufFofanaMediocentro','2','0','20000000\n','Francia'),('AdrienRabiotMediocentro','29','2','17000000\n','Francia'),('JordanVeretoutMediocentro','5','0','17000000\n','Francia'),('JonathanClaussInteriorderecho','6','0','15000000\n','Francia'),('MoussaDiabyExtremoizquierdo','8','0','60000000\n','Francia'),('KingsleyComanExtremoderecho','40','5','60000000\n','Francia'),('OusmaneDembéléExtremoderecho','28','4','50000000\n','Francia'),('ChristopherNkunkuMediapunta','8','0','80000000\n','Francia'),('AntoineGriezmannMediapunta','110','42','35000000\n','Francia'),('KylianMbappéDelanterocentro','59','28','160000000\n','Francia'),('KarimBenzemaDelanterocentro','97','37','30000000\n','Francia'),('WissamBenYedderDelanterocentro','19','3','22000000\n','Francia'),('RandalKoloMuaniDelanterocentro','2','0','20000000\n','Francia'),('OlivierGiroudDelanterocentro','114','49','3500000\n','Francia'),('DannyWardPortero','26','0','8000000\n','Gales'),('AdamDaviesPortero','4','0','500000\n','Gales'),('WayneHennesseyPortero','105','0','500000\n','Gales'),('TomKingPortero','-','0','200000\n','Gales'),('EthanAmpaduDefensacentral','37','0','13000000\n','Gales'),('BenCabangoDefensacentral','4','0','8000000\n','Gales'),('JoeRodonDefensacentral','29','0','8000000\n','Gales'),('ChrisMephamDefensacentral','33','0','4000000\n','Gales'),('OliverDenhamDefensacentral','-','0','200000\n','Gales'),('BenDaviesLateralizquierdo','74','1','20000000\n','Gales'),('RhysNorringtonDaviesLateralizquierdo','12','1','3000000\n','Gales'),('NecoWilliamsLateralderecho','22','2','15000000\n','Gales'),('ConnorRobertsLateralderecho','40','3','6000000\n','Gales'),('ChrisGunterLateralderecho','109','0','800000\n','Gales'),('MattSmithPivote','19','0','450000\n','Gales'),('AaronRamseyMediocentro','75','20','3000000\n','Gales'),('JordanJamesMediocentro','-','0','2000000\n','Gales'),('JoeAllenMediocentro','72','2','1000000\n','Gales'),('DylanLevittMediocentro','12','0','700000\n','Gales'),('JoeMorrellMediocentro','29','0','400000\n','Gales'),('WesBurnsInteriorderecho','3','0','800000\n','Gales'),('RubinColwillMediocentroofensivo','6','1','1500000\n','Gales'),('JonathanWilliamsMediocentroofensivo','33','2','800000\n','Gales'),('LukeHarrisMediocentroofensivo','-','0','-\n','Gales'),('DanielJamesExtremoderecho','37','5','18000000\n','Gales'),('HarryWilsonExtremoderecho','39','5','17000000\n','Gales'),('SorbaThomasExtremoderecho','5','0','5000000\n','Gales'),('RabbiMatondoExtremoderecho','11','0','4000000\n','Gales'),('GarethBaleExtremoderecho','107','39','3000000\n','Gales'),('BrennanJohnsonMediapunta','14','2','20000000\n','Gales'),('KiefferMooreDelanterocentro','27','9','5000000\n','Gales'),('TylerRobertsDelanterocentro','20','0','4000000\n','Gales'),('MarkHarrisDelanterocentro','5','0','1000000\n','Gales'),('RichardOforiPortero','25','0','800000\n','Ghana'),('AbdulNurudeenPortero','2','0','600000\n','Ghana'),('JoeWollacottPortero','10','0','300000\n','Ghana'),('MohammedSalisuDefensacentral','1','0','18000000\n','Ghana'),('DanielAmarteyDefensacentral','43','0','15000000\n','Ghana'),('AlexanderDjikuDefensacentral','17','1','10000000\n','Ghana'),('JosephAidooDefensacentral','10','0','7000000\n','Ghana'),('AliduSeiduDefensacentral','2','0','3000000\n','Ghana'),('StephanAmbrosiusDefensacentral','-','0','1000000\n','Ghana'),('GideonMensahLateralizquierdo','11','0','2500000\n','Ghana'),('AbdulRahmanBabaLateralizquierdo','46','1','1800000\n','Ghana'),('TariqLampteyLateralderecho','1','0','18000000\n','Ghana'),('DenisOdoiLateralderecho','3','0','700000\n','Ghana'),('ElishaOwusuPivote','2','0','2500000\n','Ghana'),('IddrisuBabaMediocentro','18','0','3500000\n','Ghana'),('MohammedKudusMediocentroofensivo','16','5','10000000\n','Ghana'),('DanielKofiKyerehMediocentroofensivo','12','0','5000000\n','Ghana'),('KamaldeenSulemanaExtremoizquierdo','11','0','18000000\n','Ghana'),('AndréAyewExtremoizquierdo','107','23','2500000\n','Ghana'),('DanielAfriyieExtremoizquierdo','1','0','150000\n','Ghana'),('OsmanBukariExtremoderecho','6','1','5000000\n','Ghana'),('RansfordYeboahKönigsdörfferExtremoderecho','1','0','2000000\n','Ghana'),('IssahakuFatawuExtremoderecho','12','0','1200000\n','Ghana'),('IñakiWilliamsDelanterocentro','1','0','25000000\n','Ghana'),('JordanAyewDelanterocentro','81','19','6000000\n','Ghana'),('FelixAfenaGyanDelanterocentro','6','1','6000000\n','Ghana'),('AntoineSemenyoDelanterocentro','1','0','3000000\n','Ghana'),('JordanPickfordPortero','45','0','28000000\n','Inglaterra'),('AaronRamsdalePortero','3','0','28000000\n','Inglaterra'),('DeanHendersonPortero','1','0','22000000\n','Inglaterra'),('NickPopePortero','10','0','18000000\n','Inglaterra'),('FikayoTomoriDefensacentral','3','0','50000000\n','Inglaterra'),('MarcGuéhiDefensacentral','3','0','32000000\n','Inglaterra'),('HarryMaguireDefensacentral','48','7','30000000\n','Inglaterra'),('JohnStonesDefensacentral','59','3','30000000\n','Inglaterra'),('EricDierDefensacentral','47','3','28000000\n','Inglaterra'),('ConorCoadyDefensacentral','10','1','18000000\n','Inglaterra'),('BenChilwellLateralizquierdo','17','1','38000000\n','Inglaterra'),('LukeShawLateralizquierdo','23','3','30000000\n','Inglaterra'),('TrentAlexanderArnoldLateralderecho','17','1','80000000\n','Inglaterra'),('ReeceJamesLateralderecho','15','0','60000000\n','Inglaterra'),('JamesJustinLateralderecho','1','0','25000000\n','Inglaterra'),('KyleWalkerLateralderecho','70','0','18000000\n','Inglaterra'),('KieranTrippierLateralderecho','37','1','15000000\n','Inglaterra'),('DeclanRicePivote','34','2','80000000\n','Inglaterra'),('KalvinPhillipsPivote','23','0','50000000\n','Inglaterra'),('PhilFodenMediocentro','18','2','90000000\n','Inglaterra'),('JudeBellinghamMediocentro','17','0','90000000\n','Inglaterra'),('JamesWardProwseMediocentro','11','2','32000000\n','Inglaterra'),('ConorGallagherMediocentro','4','0','30000000\n','Inglaterra'),('JordanHendersonMediocentro','70','2','15000000\n','Inglaterra'),('BukayoSakaInteriorderecho','20','4','70000000\n','Inglaterra'),('MasonMountMediocentroofensivo','32','5','75000000\n','Inglaterra'),('RaheemSterlingExtremoizquierdo','79','19','70000000\n','Inglaterra'),('JackGrealishExtremoizquierdo','24','1','70000000\n','Inglaterra'),('JarrodBowenExtremoderecho','4','0','42000000\n','Inglaterra'),('HarryKaneDelanterocentro','75','51','90000000\n','Inglaterra'),('TammyAbrahamDelanterocentro','11','3','50000000\n','Inglaterra'),('IvanToneyDelanterocentro','-','0','40000000\n','Inglaterra'),('AmirAbedzadehPortero','11.0','0','1500000\n','Irán'),('AlirezaBeIránvandPortero','51.0','0','1000000\n','Irán'),('PayamNiazmandPortero','1.0','0','500000\n','Irán'),('HosseinHosseiniPortero','5.0','0','450000\n','Irán'),('MajidHosseiniDefensacentral','18.0','0','3000000\n','Irán'),('HosseinKanaaniDefensacentral','34.0','2','1300000\n','Irán'),('MortezaPouraliganjiDefensacentral','45.0','2','700000\n','Irán'),('ShojaKhalilzadehDefensacentral','23.0','1','450000\n','Irán'),('MiladMohammadiLateralizquierdo','45.0','1','2000000\n','Irán'),('OmidNoorafkanLateralizquierdo','14.0','0','1200000\n','Irán'),('EhsanHajsafiLateralizquierdo','114.0','6','800000\n','Irán'),('AbolfazlJalaliLateralizquierdo','2.0','0','250000\n','Irán'),('SadeghMoharramiLateralderecho','21.0','2','1500000\n','Irán'),('SalehHardaniLateralderecho','2.0','0','700000\n','Irán'),('MiladSarlakPivote','10.0','0','900000\n','Irán'),('SaeidEzatolahiPivote','46.0','1','400000\n','Irán'),('OmidEbrahimiPivote','52.0','0','325000\n','Irán'),('AhmadNourollahiMediocentro','25.0','2','1500000\n','Irán'),('SamanGhoddosMediocentroofensivo','33.0','2','2500000\n','Irán'),('MehdiTorabiExtremoizquierdo','35.0','6','1000000\n','Irán'),('VahidAmiriExtremoizquierdo','66.0','2','450000\n','Irán'),('AlirezaJahanbakhshExtremoderecho','64.0','13','3500000\n','Irán'),('AliGholizadehExtremoderecho','26.0','6','3000000\n','Irán'),('MehdiTaremiDelanterocentro','60.0','27','20000000\n','Irán'),('SardarAzmounDelanterocentro','65.0','41','18000000\n','Irán'),('KarimAnsarifardDelanterocentro','93.0','29','1200000\n','Irán'),('DanielSchmidtPortero','11','0','1200000\n','Japón'),('KoseiTaniPortero','1','0','800000\n','Japón'),('ShuichiGondaPortero','33','0','500000\n','Japón'),('EijiKawashimaPortero','95','0','200000\n','Japón'),('HirokiItoDefensacentral','5','0','4500000\n','Japón'),('YutaNakayamaDefensacentral','17','0','1800000\n','Japón'),('ShogoTaniguchiDefensacentral','13','0','1700000\n','Japón'),('MayaYoshidaDefensacentral','121','12','1500000\n','Japón'),('AyumuSekoDefensacentral','-','0','1300000\n','Japón'),('YutoNagatomoLateralizquierdo','137','4','400000\n','Japón'),('TakehiroTomiyasuLateralderecho','29','1','22000000\n','Japón'),('HirokiSakaiLateralderecho','71','1','2500000\n','Japón'),('MikiYamaneLateralderecho','14','2','1300000\n','Japón'),('WataruEndoPivote','43','2','8000000\n','Japón'),('HidemasaMoritaPivote','17','2','4000000\n','Japón'),('ReoHatateMediocentro','1','0','2500000\n','Japón'),('AoTanakaMediocentro','14','2','1500000\n','Japón'),('GakuShibasakiMediocentro','59','3','1000000\n','Japón'),('DaichiKamadaMediocentroofensivo','21','6','22000000\n','Japón'),('GenkiHaraguchiMediocentroofensivo','74','11','2500000\n','Japón'),('TakumiMinaminoExtremoizquierdo','43','17','10000000\n','Japón'),('DaizenMaedaExtremoizquierdo','8','1','3500000\n','Japón'),('KaoruMitomaExtremoizquierdo','9','5','3000000\n','Japón'),('YukiSomaExtremoizquierdo','7','3','900000\n','Japón'),('TakefusaKuboExtremoderecho','19','1','9000000\n','Japón'),('JunyaItoExtremoderecho','38','9','8500000\n','Japón'),('RitsuDoanExtremoderecho','28','3','8000000\n','Japón'),('KyogoFuruhashiDelanterocentro','16','3','6000000\n','Japón'),('AyaseUedaDelanterocentro','10','0','1500000\n','Japón'),('ShutoMachinoDelanterocentro','4','3','700000\n','Japón'),('BonoPortero','44','0','18000000\n','Marruecos'),('MunirPortero','43','0','1500000\n','Marruecos'),('AhmedRedaTagnaoutiPortero','3','0','1500000\n','Marruecos'),('AnasZnitiPortero','19','0','1200000\n','Marruecos'),('RomainSaïssDefensacentral','63','1','6500000\n','Marruecos'),('AchrafDariDefensacentral','2','0','2500000\n','Marruecos'),('SamyMmaeeDefensacentral','10','0','1700000\n','Marruecos'),('BadrBenounDefensacentral','15','5','1500000\n','Marruecos'),('JawadElYamiqDefensacentral','11','2','1200000\n','Marruecos'),('YahiaAttiatAllahLateralizquierdo','3','0','1000000\n','Marruecos'),('AchrafHakimiLateralderecho','51','8','65000000\n','Marruecos'),('NoussairMazraouiLateralderecho','14','1','20000000\n','Marruecos'),('FahdMoufiLateralderecho','-','0','1500000\n','Marruecos'),('SofyanAmrabatPivote','36','0','10000000\n','Marruecos'),('YahyaJabranePivote','16','2','1700000\n','Marruecos'),('AzzedineOunahiMediocentro','7','2','3000000\n','Marruecos'),('HakimZiyechMediocentroofensivo','40','17','20000000\n','Marruecos'),('IliasChairMediocentroofensivo','9','1','10000000\n','Marruecos'),('AmineHaritMediocentroofensivo','14','0','10000000\n','Marruecos'),('SelimAmallahMediocentroofensivo','22','4','5000000\n','Marruecos'),('AbdelhamidSabiriMediocentroofensivo','2','1','3000000\n','Marruecos'),('YounèsBelhandaMediocentroofensivo','50','5','2000000\n','Marruecos'),('EzAbdeExtremoizquierdo','1','0','8000000\n','Marruecos'),('SofianeBoufalExtremoizquierdo','29','4','8000000\n','Marruecos'),('ZakariaAboukhlalExtremoderecho','11','2','3500000\n','Marruecos'),('YoussefEnNesyriDelanterocentro','48','14','20000000\n','Marruecos'),('MunirElHaddadiDelanterocentro','11','2','6000000\n','Marruecos'),('WalidCheddiraDelanterocentro','2','0','2500000\n','Marruecos'),('RyanMmaeeDelanterocentro','11','4','2200000\n','Marruecos'),('CarlosAcevedoPortero','4','0','5000000\n','México'),('LuisMalagónPortero','-','0','3000000\n','México'),('GuillermoOchoaPortero','129','0','1500000\n','México'),('RodolfoCotaPortero','8','0','1500000\n','México'),('AlfredoTalaveraPortero','38','0','800000\n','México'),('DavidOchoaPortero','-','0','800000\n','México'),('CésarMontesDefensacentral','27','1','7000000\n','México'),('JohanVásquezDefensacentral','6','0','4000000\n','México'),('IsraelReyesDefensacentral','3','1','3500000\n','México'),('NéstorAraújoDefensacentral','60','3','3000000\n','México'),('HéctorMorenoDefensacentral','124','5','1500000\n','México'),('JulioDomínguezDefensacentral','24','0','1200000\n','México'),('JesúsAnguloLateralizquierdo','11','0','7000000\n','México'),('ÉrickAguirreLateralizquierdo','13','0','5000000\n','México'),('GerardoArteagaLateralizquierdo','16','0','4000000\n','México'),('JesúsGallardoLateralizquierdo','76','0','3000000\n','México'),('LuisReyesLateralizquierdo','9','0','2500000\n','México'),('KevinÁlvarezLateralderecho','5','0','6000000\n','México'),('JuliánAraujoLateralderecho','3','0','5000000\n','México'),('EmilioLaraLateralderecho','1','0','1500000\n','México'),('EdsonÁlvarezPivote','58','2','30000000\n','México'),('LuisChávezPivote','5','0','6000000\n','México'),('ErikLiraPivote','3','0','3500000\n','México'),('CarlosRodríguezMediocentro','33','0','8000000\n','México'),('ÉrickSánchezMediocentro','6','1','8000000\n','México'),('ÉrickGutiérrezMediocentro','33','1','7000000\n','México'),('LuisRomoMediocentro','25','1','7000000\n','México'),('FernandoBeltránMediocentro','9','0','5500000\n','México'),('OrbelínPinedaMediocentro','48','6','4000000\n','México'),('AndrésGuardadoMediocentro','177','28','1500000\n','México'),('SebastiánCórdovaMediocentroofensivo','14','3','5000000\n','México'),('RodolfoPizarroMediocentroofensivo','38','5','4000000\n','México'),('MarceloFloresMediocentroofensivo','3','0','1500000\n','México'),('AlexisVegaExtremoizquierdo','20','3','8000000\n','México'),('HirvingLozanoExtremoderecho','59','16','30000000\n','México'),('RobertoAlvaradoExtremoderecho','30','4','5000000\n','México'),('UrielAntunaExtremoderecho','33','9','4000000\n','México'),('DiegoLainezExtremoderecho','20','3','2500000\n','México'),('HenryMartínDelanterocentro','23','6','4500000\n','México'),('SantiagoGiménezDelanterocentro','8','2','4000000\n','México'),('EduardoAguirreDelanterocentro','3','0','2500000\n','México'),('ÁngelZaldívarDelanterocentro','6','0','1500000\n','México'),('MarkFlekkenPortero','4','0','7000000\n','Países Bajos'),('JasperCillessenPortero','63','0','3000000\n','Países Bajos'),('KjellScherpenPortero','-','0','2200000\n','Países Bajos'),('TimKrulPortero','15','0','1000000\n','Países Bajos'),('AndriesNoppertPortero','-','0','1000000\n','Países Bajos'),('RemkoPasveerPortero','2','0','250000\n','Países Bajos'),('MatthijsdeLigtDefensacentral','38','2','70000000\n','Países Bajos'),('VirgilvanDijkDefensacentral','49','6','55000000\n','Países Bajos'),('JurrienTimberDefensacentral','10','0','45000000\n','Países Bajos'),('NathanAkéDefensacentral','29','3','25000000\n','Países Bajos'),('StefandeVrijDefensacentral','59','3','20000000\n','Países Bajos'),('JordanTezeDefensacentral','3','0','9000000\n','Países Bajos'),('BrunoMartinsIndiDefensacentral','36','2','2200000\n','Países Bajos'),('TyrellMalaciaLateralizquierdo','6','0','22000000\n','Países Bajos'),('DaleyBlindLateralizquierdo','94','2','7000000\n','Países Bajos'),('HansHateboerLateralderecho','13','0','13000000\n','Países Bajos'),('DevyneRenschLateralderecho','1','0','8000000\n','Países Bajos'),('TeunKoopmeinersPivote','9','1','25000000\n','Países Bajos'),('MartendeRoonPivote','28','0','17000000\n','Países Bajos'),('JerdySchoutenPivote','1','0','9000000\n','Países Bajos'),('FrenkiedeJongMediocentro','44','1','60000000\n','Países Bajos'),('RyanGravenberchMediocentro','11','1','35000000\n','Países Bajos'),('KennethTaylorMediocentro','2','0','12000000\n','Países Bajos'),('DenzelDumfriesInteriorderecho','37','5','25000000\n','Países Bajos'),('StevenBerghuisMediocentroofensivo','39','2','14000000\n','Países Bajos'),('DavyKlaassenMediocentroofensivo','35','9','12000000\n','Países Bajos'),('GuusTilMediocentroofensivo','5','1','7500000\n','Países Bajos'),('CodyGakpoExtremoizquierdo','9','3','35000000\n','Países Bajos'),('StevenBergwijnExtremoizquierdo','24','7','27000000\n','Países Bajos'),('NoaLangExtremoizquierdo','5','1','19000000\n','Países Bajos'),('MemphisDepayDelanterocentro','80','42','25000000\n','Países Bajos'),('BrianBrobbeyDelanterocentro','-','0','14000000\n','Países Bajos'),('WoutWeghorstDelanterocentro','15','3','14000000\n','Países Bajos'),('VincentJanssenDelanterocentro','20','7','4500000\n','Países Bajos'),('WojciechSzczesnyPortero','66','0','15000000\n','Polonia'),('BartlomiejDragowskiPortero','2','0','6000000\n','Polonia'),('KamilGrabaraPortero','1','0','4000000\n','Polonia'),('LukaszSkorupskiPortero','7','0','4000000\n','Polonia'),('JanBednarekDefensacentral','44','1','22000000\n','Polonia'),('JakubKiwiorDefensacentral','4','0','6000000\n','Polonia'),('MateuszWieteskaDefensacentral','1','0','2500000\n','Polonia'),('MarcinKaminskiDefensacentral','7','0','1000000\n','Polonia'),('KamilGlikDefensacentral','98','6','1000000\n','Polonia'),('TymoteuszPuchaczLateralizquierdo','12','0','1500000\n','Polonia'),('MattyCashLateralderecho','7','1','25000000\n','Polonia'),('TomaszKedzioraLateralderecho','26','1','4500000\n','Polonia'),('BartoszBereszynskiLateralderecho','45','0','4000000\n','Polonia'),('RobertGumnyLateralderecho','4','0','2500000\n','Polonia'),('GrzegorzKrychowiakPivote','93','5','8000000\n','Polonia'),('JacekGoralskiPivote','21','1','1600000\n','Polonia'),('SzymonZurkowskiMediocentro','6','0','7000000\n','Polonia'),('KarolLinettyMediocentro','42','5','3500000\n','Polonia'),('MateuszKlichMediocentro','41','2','2000000\n','Polonia'),('DamianSzymanskiMediocentro','8','1','1800000\n','Polonia'),('MateuszLegowskiMediocentro','1','0','1500000\n','Polonia'),('JakubPiotrowskiMediocentro','-','0','1300000\n','Polonia'),('PrzemyslawFrankowskiInteriorderecho','25','1','8000000\n','Polonia'),('NicolaZalewskiInteriorizquierdo','7','0','12000000\n','Polonia'),('KamilPestkaInteriorizquierdo','-','0','900000\n','Polonia'),('PiotrZielinskiMediocentroofensivo','74','9','40000000\n','Polonia'),('SebastianSzymanskiMediocentroofensivo','17','1','14000000\n','Polonia'),('JakubKaminskiExtremoizquierdo','3','1','10000000\n','Polonia'),('PrzemyslawPlachetaExtremoizquierdo','7','0','2000000\n','Polonia'),('KamilGrosickiExtremoizquierdo','86','17','600000\n','Polonia'),('MichalSkorasExtremoderecho','1','0','2500000\n','Polonia'),('KonradMichalakExtremoderecho','-','0','1700000\n','Polonia'),('RobertLewandowskiDelanterocentro','134','76','45000000\n','Polonia'),('KrzysztofPiatekDelanterocentro','24','10','12000000\n','Polonia'),('ArkadiuszMilikDelanterocentro','63','16','10000000\n','Polonia'),('AdamBuksaDelanterocentro','9','5','9000000\n','Polonia'),('KarolSwiderskiDelanterocentro','17','8','5000000\n','Polonia'),('DiogoCostaPortero','7','0','25000000\n','Portugal'),('JoséSáPortero','-','0','18000000\n','Portugal'),('RuiSilvaPortero','1','0','15000000\n','Portugal'),('RuiPatrícioPortero','105','0','6000000\n','Portugal'),('RúbenDiasDefensacentral','39','2','75000000\n','Portugal'),('DavidCarmoDefensacentral','-','0','20000000\n','Portugal'),('TiagoDjalóDefensacentral','-','0','12000000\n','Portugal'),('DomingosDuarteDefensacentral','3','0','8000000\n','Portugal'),('PepeDefensacentral','127','7','1000000\n','Portugal'),('NunoMendesLateralizquierdo','16','0','50000000\n','Portugal'),('RaphaëlGuerreiroLateralizquierdo','56','3','20000000\n','Portugal'),('MárioRuiLateralizquierdo','12','0','8000000\n','Portugal'),('JoãoCanceloLateralderecho','37','7','65000000\n','Portugal'),('DiogoDalotLateralderecho','6','2','28000000\n','Portugal'),('RúbenNevesPivote','32','0','40000000\n','Portugal'),('JoãoPalhinhaPivote','15','2','25000000\n','Portugal'),('WilliamCarvalhoPivote','75','5','16000000\n','Portugal'),('DaniloPereiraPivote','63','2','14000000\n','Portugal'),('MatheusNunesMediocentro','9','1','45000000\n','Portugal'),('VitinhaMediocentro','4','0','40000000\n','Portugal'),('JoãoMárioMediocentro','52','2','10000000\n','Portugal'),('JoãoMoutinhoMediocentro','145','7','2500000\n','Portugal'),('OtávioInteriorderecho','7','2','30000000\n','Portugal'),('BrunoFernandesMediocentroofensivo','48','9','85000000\n','Portugal'),('BernardoSilvaMediocentroofensivo','72','8','80000000\n','Portugal'),('RafaelLeãoExtremoizquierdo','11','0','70000000\n','Portugal'),('DiogoJotaExtremoizquierdo','28','10','60000000\n','Portugal'),('PedroNetoExtremoizquierdo','3','1','38000000\n','Portugal'),('GonçaloGuedesExtremoizquierdo','31','7','35000000\n','Portugal'),('RicardoHortaExtremoizquierdo','5','1','20000000\n','Portugal'),('JoãoFélixMediapunta','23','3','70000000\n','Portugal'),('AndréSilvaDelanterocentro','51','19','27000000\n','Portugal'),('GonçaloRamosDelanterocentro','-','0','20000000\n','Portugal'),('CristianoRonaldoDelanterocentro','191','117','20000000\n','Portugal'),('MeshaalBarshamPortero','14','0','450000\n','Catar'),('SalahZakariaPortero','-','0','300000\n','Catar'),('SaadAlSheebPortero','80','0','200000\n','Catar'),('YousefHassanPortero','-','0.0','150000\n','Catar'),('TarekSalmanDefensacentral','54','0','550000\n','Catar'),('PedroMiguelDefensacentral','78','1','500000\n','Catar'),('BassamAlRawiDefensacentral','51','2','500000\n','Catar'),('BoualemKhoukhiDefensacentral','99','21','500000\n','Catar'),('AhmedSuhailDefensacentral','2','0','275000\n','Catar'),('MohamedEmadAiashDefensacentral','-','0','100000\n','Catar'),('AbdelkarimHassanLateralizquierdo','120','15','775000\n','Catar'),('HomamAhmedLateralizquierdo','25','2','500000\n','Catar'),('MusabKhoderLateralderecho','29','0','325000\n','Catar'),('KarimBoudiafPivote','108','5','450000\n','Catar'),('AhmedFadelPivote','-','0','175000\n','Catar'),('JassemGaberAbdulsallamPivote','-','0','175000\n','Catar'),('AbdulazizHatemMediocentro','96','11','500000\n','Catar'),('MohammedWaadMediocentro','18','0','300000\n','Catar'),('OsamaAlTairiMediocentro','-','0','75000\n','Catar'),('MustafaMashaalMediocentro','-','0','50000\n','Catar'),('AliAsadMediocentroofensivo','56','12','250000\n','Catar'),('AkramAfifExtremoizquierdo','83','24','5500000\n','Catar'),('AbdelrahmanMoustafaExtremoizquierdo','1','0','375000\n','Catar'),('KhalidMuneerMazeedExtremoizquierdo','2','0','350000\n','Catar'),('YusufAbdurisagExtremoizquierdo','11','1','250000\n','Catar'),('HasanAlHaydosExtremoderecho','160','34','1300000\n','Catar'),('IsmaeelMohammedExtremoderecho','66','4','250000\n','Catar'),('NaifAlHadhramiExtremoderecho','-','0.0','200000\n','Catar'),('AlmoezAliDelanterocentro','82','39','2800000\n','Catar'),('AhmedAlaaeldinDelanterocentro','45','1','700000\n','Catar'),('MohammedMuntariDelanterocentro','41','11','350000\n','Catar'),('AlfredGomisPortero','13','0','5000000\n','Senegal'),('SenyDiengPortero','3','0','1500000\n','Senegal'),('MoryDiawPortero','-','0','1000000\n','Senegal'),('KalidouKoulibalyDefensacentral','62','0','35000000\n','Senegal'),('MoussaNiakhatéDefensacentral','-','0','18000000\n','Senegal'),('AbdouDialloDefensacentral','17','2','18000000\n','Senegal'),('PapeAbouCisséDefensacentral','12','1','8000000\n','Senegal'),('FormoseMendyDefensacentral','2','0','2000000\n','Senegal'),('IsmailJakobsLateralizquierdo','2','0','7000000\n','Senegal'),('FodéBalloTouréLateralizquierdo','13','0','3500000\n','Senegal'),('PapeGueyePivote','11','0','12000000\n','Senegal'),('NampalysMendyPivote','17','0','4000000\n','Senegal'),('CheikhouKouyatéPivote','82','4','4000000\n','Senegal'),('MamadouLoumPivote','3','0','3500000\n','Senegal'),('MoustaphaNamePivote','5','0','2000000\n','Senegal'),('PapeMatarSarrMediocentro','8','0','15000000\n','Senegal'),('IdrissaGueyeMediocentro','94','7','10000000\n','Senegal'),('PathéCissMediocentro','1','0','4000000\n','Senegal'),('IlimanNdiayeMediocentroofensivo','2','0','3500000\n','Senegal'),('SadioManéExtremoizquierdo','91','33','60000000\n','Senegal'),('IsmaïlaSarrExtremoderecho','47','10','22000000\n','Senegal'),('KrépinDiattaExtremoderecho','24','2','13000000\n','Senegal'),('NicolasJacksonExtremoderecho','-','0','10000000\n','Senegal'),('DembaSeckExtremoderecho','1','0','3000000\n','Senegal'),('BoulayeDiaDelanterocentro','17','2','12000000\n','Senegal'),('BambaDiengDelanterocentro','11','1','10000000\n','Senegal'),('PredragRajkovićPortero','28.0','0','9000000\n','Serbia'),('MarkoDmitrovićPortero','19.0','0','5000000\n','Serbia'),('VanjaMilinkovićSavićPortero','6.0','0','2500000\n','Serbia'),('MarkoIlićPortero','1.0','0','1500000\n','Serbia'),('NikolaMilenkovićDefensacentral','37.0','3','20000000\n','Serbia'),('StrahinjaPavlovicDefensacentral','21.0','1','8000000\n','Serbia'),('MilosVeljkovicDefensacentral','21.0','0','5000000\n','Serbia'),('StrahinjaErakovicDefensacentral','1.0','0','5000000\n','Serbia'),('ErhanMasovicDefensacentral','2.0','0','3500000\n','Serbia'),('SrdjanBabicDefensacentral','2.0','0','3000000\n','Serbia'),('StefanMitrovićDefensacentral','33.0','0','1800000\n','Serbia'),('MihailoRistićLateralizquierdo','7.0','0','3500000\n','Serbia'),('AleksaTerzićLateralizquierdo','5.0','0','1500000\n','Serbia'),('FilipMladenovicLateralizquierdo','19.0','1','1200000\n','Serbia'),('NemanjaMaksimovićPivote','39.0','0','12000000\n','Serbia'),('UrošRačićPivote','9.0','0','7000000\n','Serbia'),('NemanjaGudeljPivote','48.0','1','4000000\n','Serbia'),('SergejMilinkovićSavićMediocentro','35.0','6','60000000\n','Serbia'),('SašaLukićMediocentro','32.0','2','15000000\n','Serbia'),('IvanIlicMediocentro','5.0','0','14000000\n','Serbia'),('MarkoGrujicMediocentro','17.0','0','12000000\n','Serbia'),('FilipKosticInteriorizquierdo','50.0','3','24000000\n','Serbia'),('DarkoLazovićInteriorizquierdo','26.0','0','4000000\n','Serbia'),('FilipDjuricicMediocentroofensivo','36.0','4','4000000\n','Serbia'),('DusanTadićExtremoizquierdo','90.0','18','8500000\n','Serbia'),('NemanjaRadonjićExtremoizquierdo','36.0','5','4000000\n','Serbia'),('StefanMitrovicExtremoizquierdo','1.0','0','1500000\n','Serbia'),('AndrijaZivkovicExtremoderecho','28.0','1','6000000\n','Serbia'),('DušanVlahovićDelanterocentro','16.0','8','85000000\n','Serbia'),('AleksandarMitrovićDelanterocentro','75.0','50','25000000\n','Serbia'),('LukaJovićDelanterocentro','28.0','9','16000000\n','Serbia'),('DjordjeJovanovicDelanterocentro','1.0','0','2500000\n','Serbia'),('GregorKobelPortero','3','0','22000000\n','Suiza'),('JonasOmlinPortero','4','0','8000000\n','Suiza'),('YannSommerPortero','76','0','5000000\n','Suiza'),('YvonMvogoPortero','4','0','2800000\n','Suiza'),('DavidvonBallmoosPortero','-','0','2500000\n','Suiza'),('ManuelAkanjiDefensacentral','42','1','30000000\n','Suiza'),('NicoElvediDefensacentral','40','1','18000000\n','Suiza'),('FabianSchärDefensacentral','72','8','9000000\n','Suiza'),('LeonidasStergiouDefensacentral','1','0','6000000\n','Suiza'),('RicardoRodríguezDefensacentral','100','9','3400000\n','Suiza'),('ErayCömertDefensacentral','9','0','2000000\n','Suiza'),('KevinMbabuLateralderecho','22','0','9000000\n','Suiza'),('JordanLotombaLateralderecho','7','1','7000000\n','Suiza'),('SilvanWidmerLateralderecho','33','2','5000000\n','Suiza'),('DenisZakariaPivote','42','3','27000000\n','Suiza'),('ArdonJashariPivote','1','0','1000000\n','Suiza'),('FabianFreiPivote','22','3','500000\n','Suiza'),('GranitXhakaMediocentro','106','12','25000000\n','Suiza'),('DjibrilSowMediocentro','32','0','22000000\n','Suiza'),('RemoFreulerMediocentro','48','5','13000000\n','Suiza'),('MichelAebischerMediocentro','11','0','3500000\n','Suiza'),('MattiaBottaniMediocentroofensivo','1','0','500000\n','Suiza'),('RubénVargasExtremoizquierdo','26','4','6000000\n','Suiza'),('StevenZuberExtremoizquierdo','51','10','2500000\n','Suiza'),('XherdanShaqiriExtremoderecho','108','26','5000000\n','Suiza'),('DanNdoyeExtremoderecho','1','0','4000000\n','Suiza'),('RenatoSteffenExtremoderecho','27','1','2000000\n','Suiza'),('NoahOkaforDelanterocentro','8','2','18000000\n','Suiza'),('BreelEmboloDelanterocentro','58','10','18000000\n','Suiza'),('HarisSeferovicDelanterocentro','88','25','6000000\n','Suiza'),('CedricIttenDelanterocentro','7','4','2000000\n','Suiza'),('ZekiAmdouniDelanterocentro','1','0','2000000\n','Suiza'),('MarioGavranovicDelanterocentro','41','16','1200000\n','Suiza'),('BechirBenSaidPortero','10','0','850000\n','Túnez'),('AymenDahmenPortero','4','0','850000\n','Túnez'),('MohamedSedkiDebchiPortero','-','0','500000\n','Túnez'),('DylanBronnDefensacentral','36','2','4000000\n','Túnez'),('MontassarTalbiDefensacentral','22','1','2500000\n','Túnez'),('OmarRekikDefensacentral','3','0','800000\n','Túnez'),('NaderGhandriDefensacentral','7','0','650000\n','Túnez'),('BilelIfaDefensacentral','39','0','250000\n','Túnez'),('AliMaâloulLateralizquierdo','82','2','1500000\n','Túnez'),('MortadhaBenOuanesLateralizquierdo','5','0','1400000\n','Túnez'),('RamiKaibLateralizquierdo','2','0','700000\n','Túnez'),('YanValeryLateralderecho','1','0','2500000\n','Túnez'),('MohamedDrägerLateralderecho','33','3','1300000\n','Túnez'),('HamzaMathlouthiLateralderecho','37','1','600000\n','Túnez'),('EllyesSkhiriPivote','48','3','13000000\n','Túnez'),('AnisSlimaneMediocentro','24','4','3500000\n','Túnez'),('AïssaLaïdouniMediocentro','24','1','3500000\n','Túnez'),('FerjaniSassiMediocentro','76','6','2000000\n','Túnez'),('GhaylenChaaleliMediocentro','30','1','1000000\n','Túnez'),('ChaïmElDjebaliMediocentro','-','0.0','-\n','Túnez'),('HannibalMejbriMediocentroofensivo','18','0','6000000\n','Túnez'),('SaîfEddineKhaouiMediocentroofensivo','28','4','1500000\n','Túnez'),('NaïmSlitiExtremoizquierdo','68','13','7500000\n','Túnez'),('YoussefMsakniExtremoizquierdo','86','17','1200000\n','Túnez'),('SayfallahLtaiefExtremoderecho','1','0','350000\n','Túnez'),('IssamJebaliMediapunta','9','2','500000\n','Túnez'),('WahbiKhazriDelanterocentro','71','24','4000000\n','Túnez'),('SeifeddineJaziriDelanterocentro','29','10','1500000\n','Túnez'),('TahaYassineKhenissiDelanterocentro','48','9','500000\n','Túnez'),('SergioRochetPortero','8','0','3000000\n','Uruguay'),('FernandoMusleraPortero','133','0','1700000\n','Uruguay'),('SebastiánSosaPortero','1','0','800000\n','Uruguay'),('RonaldAraújoDefensacentral','12','0','60000000\n','Uruguay'),('AgustínRogelDefensacentral','1','0','4500000\n','Uruguay'),('SebastiánCáceresDefensacentral','2','0','4000000\n','Uruguay'),('LeandroCabreraDefensacentral','-','0','4000000\n','Uruguay'),('MartínCáceresDefensacentral','115','4','900000\n','Uruguay'),('MathíasOliveraLateralizquierdo','8','0','15000000\n','Uruguay'),('MatíasViñaLateralizquierdo','26','0','7500000\n','Uruguay'),('GuillermoVarelaLateralderecho','9','0','2500000\n','Uruguay'),('DamiánSuárezLateralderecho','7','0','1500000\n','Uruguay'),('LucasTorreiraPivote','40','0','15000000\n','Uruguay'),('ManuelUgartePivote','6','0','15000000\n','Uruguay'),('FedericoValverdeMediocentro','44','4','80000000\n','Uruguay'),('RodrigoBentancurMediocentro','51','1','35000000\n','Uruguay'),('NicolásdelaCruzMediocentro','17','1','13000000\n','Uruguay'),('MatíasVecinoMediocentro','62','4','3500000\n','Uruguay'),('GiorgiandeArrascaetaMediocentroofensivo','40','8','18000000\n','Uruguay'),('DiegoRossiExtremoizquierdo','4','1','14000000\n','Uruguay'),('AgustínCanobbioExtremoderecho','3','0','4000000\n','Uruguay'),('FacundoPellistriExtremoderecho','7','0','2500000\n','Uruguay'),('BrianOcampoExtremoderecho','1','0','2000000\n','Uruguay'),('DarwinNúñezDelanterocentro','13','2','70000000\n','Uruguay'),('LuisSuárezDelanterocentro','134','68','8000000\n','Uruguay'),('MartínSatrianoDelanterocentro','1','0','7000000\n','Uruguay');
/*!40000 ALTER TABLE `equipos` ENABLE KEYS */;
UNLOCK TABLES;

--
-- Table structure for table `mundial`
--

DROP TABLE IF EXISTS `mundial`;
/*!40101 SET @saved_cs_client     = @@character_set_client */;
/*!50503 SET character_set_client = utf8mb4 */;
CREATE TABLE `mundial` (
  `Fase` varchar(100) DEFAULT NULL,
  `CAT1` int DEFAULT NULL,
  `CAT2` int DEFAULT NULL,
  `CAT3` int DEFAULT NULL
) ENGINE=InnoDB DEFAULT CHARSET=utf8mb4 COLLATE=utf8mb4_0900_ai_ci;
/*!40101 SET character_set_client = @saved_cs_client */;

--
-- Dumping data for table `mundial`
--

LOCK TABLES `mundial` WRITE;
/*!40000 ALTER TABLE `mundial` DISABLE KEYS */;
INSERT INTO `mundial` VALUES ('Inaugural',618,440,300),('Fase de grupos',220,165,69),('Octavos de final',275,206,96),('Cuartos de final',425,290,206),('Semifinales',955,660,357),('Tercer puesto',425,302,206),('Final',1600,1000,605);
/*!40000 ALTER TABLE `mundial` ENABLE KEYS */;
UNLOCK TABLES;

--
-- Table structure for table `poblacion`
--

DROP TABLE IF EXISTS `poblacion`;
/*!40101 SET @saved_cs_client     = @@character_set_client */;
/*!50503 SET character_set_client = utf8mb4 */;
CREATE TABLE `poblacion` (
  `Pais` varchar(100) DEFAULT NULL,
  `Poblacion` int DEFAULT NULL
) ENGINE=InnoDB DEFAULT CHARSET=utf8mb4 COLLATE=utf8mb4_0900_ai_ci;
/*!40101 SET character_set_client = @saved_cs_client */;

--
-- Dumping data for table `poblacion`
--

LOCK TABLES `poblacion` WRITE;
/*!40000 ALTER TABLE `poblacion` DISABLE KEYS */;
INSERT INTO `poblacion` VALUES ('España',47432805),('Alemania',83237124),('Inglaterra',67081000),('Francia',67842582),('Italia',58983122),('Portugal',10352042),('Estados Unidos',332183000),('Japón',125681593),('China',1412360000),('Andorra',79535),('Emiratos Árabes Unidos',9991083),('Afganistán',39835428),('Antigua y Barbuda',98728),('Albania',2793592),('Armenia',2968128),('Angola',33933611),('Argentina',45808747),('Austria',8978929),('Australia',25767000),('Azerbaiyán',10156366),('Bosnia y Herzegovina',3481000),('Barbados',287708),('Bangladés',166303494),('Bélgica',11631136),('Burkina Faso',21497097),('Bulgaria',6838937),('Baréin',1487000),('Burundi',12255429),('Benín',12451031),('Brunéi',430000),('Bolivia',11832936),('Brasil',213993441),('Bahamas',396914),('Bután',753000),('Botsuana',2397240),('Bielorrusia',9340314),('Belice',430000),('Canadá',38929902),('República Democrática del Congo',92377986),('República Centroafricana',4919987),('República del Congo',5657017),('Suiza',8736510),('Costa de Marfil',27053629),('Chile',19212362),('Camerún',27224262),('Colombia',51049000),('Costa Rica',5180000),('Cuba',11317498),('Cabo Verde',561901),('Chipre',904705),('Chequia',10516707),('Yibuti',1002000),('Dinamarca',5873420),('Dominica',72172),('República Dominicana',10953714),('Argelia',44616626),('Ecuador',17888474),('Estonia',1331796),('Egipto',102100000),('Eritrea',5068831),('Etiopía',99701000),('Finlandia',5548241),('Fiyi',902899),('Estados Federados de Micronesia',116255),('Gales',2278829),('Granada',113015),('Georgia',3688647),('Ghana',31394000),('Gambia',2486937),('Guinea',13497237),('Guinea Ecuatorial',1449891),('Grecia',10603810),('Guatemala',17109746),('Guinea-Bisáu',2015490),('Guyana',790329),('Hong Kong',7403000),('Honduras',10117000),('Croacia',3879074),('Haiti',11541683),('Hungría',9689010),('Indonesia',272249000),('Irlanda',5060005),('Israel',9367000),('India',1393409033),('Irak',41179351),('Irán',84841000),('Islandia',376248),('Jamaica',2973462),('Jordania',10269022),('Kenia',54985702),('Kirguistán',6694200),('Camboya',16946446),('Kiribati',121388),('Comoras',888456),('San Cristóbal y Nieves',53546),('Corea del Norte',25887045),('Corea del Sur',51736000),('Kuwait',4328553),('Kazajistán',19126000),('Laos',7379358),('Líbano',6769151),('Santa Lucía',184401),('Liechtenstein',39308),('Sri Lanka',22156000),('Liberia',5180208),('Lesoto',2159067),('Lituania',2805998),('Luxemburgo',645397),('Letonia',1875757),('Libia',6958538),('Marruecos',36313000),('Mónaco',39520),('Moldavia',2573928),('Montenegro',617683),('Madagascar',28427333),('Islas Marshall',59618),('Macedonia del Norte',1836713),('Malí',20855724),('Birmania - Myanmar',54806014),('Mongolia',3410000),('Mauritania',4775110),('Malta',520971),('Mauricio',1264000),('Maldivas',543620),('Malaui',19647681),('México',130262220),('Malasia',32700000),('Mozambique',32163045),('Namibia',2550000),('Níger',25130810),('Nigeria',211400704),('Nicaragua',6702379),('Países Bajos',17590672),('Noruega',5425270),('Nepal',29674920),('Nauru',10873),('Nueva Zelanda',5112000),('Omán',4527000),('Panamá',4381583),('Perú',33359416),('Papúa Nueva Guinea',9119005),('Filipinas',110200000),('Pakistán',222590000),('Polonia',37654247),('Estado de Palestina',5227000),('Palaos',18174),('Paraguay',7353000),('Catar',2930524),('Rumanía',19038098),('Serbia',6797105),('Rusia',145558000),('Ruanda',13276517),('Arabia Saudita',35340680),('Islas Salomón',703995),('Seychelles',99202),('Sudán',44909351),('Suecia',10452326),('Singapur',5454000),('Eslovenia',2107180),('Eslovaquia',5434712),('Sierra Leona',8141000),('San Marino',33698),('Senegal',17196308),('Somalia',16359500),('Surinam',591798),('Sudán del Sur',11381377),('Santo Tomé y Príncipe',223364),('El Salvador',6518500),('Siria',18275704),('Suazilandia',1172369),('Chad',16914985),('Togo',8478242),('Tailandia',69951000),('Tayikistán',9749625),('Timor Oriental',1343875),('Turkmenistán',6117933),('Túnez',11935764),('Tonga',106759),('Turquía',84680273),('Trinidad y Tobago',1403374),('Tuvalu',11925),('Taiwan',23375000),('Tanzania',61498438),('Ucrania',40997698),('Uganda',42460000),('Uruguay',3485152),('Uzbekistán',34559000),('San Vicente y las Granadinas',111269),('Venezuela',28704947),('Vietnam',98168829),('Vanuatu',314464),('Samoa',200144),('Yemen',30490639),('Sudáfrica',60143000),('Zambia',18920657),('Zimbabue',15092171);
/*!40000 ALTER TABLE `poblacion` ENABLE KEYS */;
UNLOCK TABLES;

--
-- Table structure for table `ranking`
--

DROP TABLE IF EXISTS `ranking`;
/*!40101 SET @saved_cs_client     = @@character_set_client */;
/*!50503 SET character_set_client = utf8mb4 */;
CREATE TABLE `ranking` (
  `Pais` varchar(100) DEFAULT NULL,
  `Confederacion` varchar(30) DEFAULT NULL,
  `Puntos` int DEFAULT NULL
) ENGINE=InnoDB DEFAULT CHARSET=utf8mb4 COLLATE=utf8mb4_0900_ai_ci;
/*!40101 SET character_set_client = @saved_cs_client */;

--
-- Dumping data for table `ranking`
--

LOCK TABLES `ranking` WRITE;
/*!40000 ALTER TABLE `ranking` DISABLE KEYS */;
INSERT INTO `ranking` VALUES ('Brasil','CONMEBOL',1841),('Bélgica','UEFA',1817),('Argentina','CONMEBOL',1774),('Francia','UEFA',1760),('Inglaterra','UEFA',1728),('Italia','UEFA',1726),('España','UEFA',1715),('Países Bajos','UEFA',1695),('Portugal','UEFA',1677),('Dinamarca','UEFA',1667),('Alemania','UEFA',1650),('Croacia','UEFA',1646),('México','CONCACAF',1645),('Uruguay','CONMEBOL',1639),('Suiza','UEFA',1636),('Estados Unidos','CONCACAF',1627),('Colombia','CONMEBOL',1611),('Senegal','CAF',1584),('Gales','UEFA',1570),('Irán','AFC',1565),('Serbia','UEFA',1564),('Marruecos','CAF',1564),('Perú','CONMEBOL',1561),('Japón','AFC',1560),('Suecia','UEFA',1553),('Polonia','UEFA',1549),('Ucrania','UEFA',1537),('Corea del Sur','AFC',1530),('Chile','CONMEBOL',1510),('Túnez','CAF',1508),('Costa Rica','CONCACAF',1504),('Nigeria','CAF',1498),('Rusia','UEFA',1496),('Austria','UEFA',1493),('República Checa','UEFA',1492),('Hungría','UEFA',1492),('Argelia','CAF',1489),('Australia','AFC',1489),('Egipto','CAF',1486),('Escocia','UEFA',1480),('Canadá','CONCACAF',1475),('Noruega','UEFA',1473),('Camerún','CAF',1471),('Ecuador','CONMEBOL',1464),('Turquía','UEFA',1460),('Malí','CAF',1449),('Paraguay','CONMEBOL',1449),('Costa de Marfil','CAF',1443),('Irlanda','UEFA',1440),('Catar','AFC',1440),('Arabia Saudita','AFC',1438),('Grecia','UEFA',1438),('Rumanía','UEFA',1435),('Burkina Faso','CAF',1432),('Eslovaquia','UEFA',1426),('Finlandia','UEFA',1406),('Venezuela','CONMEBOL',1404),('Bosnia','UEFA',1404),('Irlanda Norte','UEFA',1397),('Panamá','CONCACAF',1393),('Ghana','CAF',1393),('Islandia','UEFA',1384),('Eslovenia','UEFA',1384),('Jamaica','CONCACAF',1379),('Macedonia d. N.','UEFA',1359),('Albania','UEFA',1354),('Sudáfrica','CAF',1350),('Irak','AFC',1343),('Montenegro','UEFA',1341),('E. Á. U.','AFC',1338),('Cabo Verde','CAF',1336),('Bulgaria','UEFA',1335),('RD Congo','CAF',1334),('El Salvador','CONCACAF',1331),('Omán','AFC',1320),('Arabia Saudita','AFC',1438),('Grecia','UEFA',1438),('Rumanía','UEFA',1435),('Burkina Faso','CAF',1432),('Eslovaquia','UEFA',1426),('Finlandia','UEFA',1406),('Venezuela','CONMEBOL',1404),('Bosnia','UEFA',1404),('Irlanda Norte','UEFA',1397),('Panamá','CONCACAF',1393),('Ghana','CAF',1393),('Islandia','UEFA',1384),('Eslovenia','UEFA',1384),('Jamaica','CONCACAF',1379),('Macedonia d. N.','UEFA',1359),('Albania','UEFA',1354),('Sudáfrica','CAF',1350),('Irak','AFC',1343),('Montenegro','UEFA',1341),('E. Á. U.','AFC',1338),('Cabo Verde','CAF',1336),('Bulgaria','UEFA',1335),('RD Congo','CAF',1334),('El Salvador','CONCACAF',1331),('Omán','AFC',1320),('Israel','UEFA',1317),('Uzbekistán','AFC',1310),('Georgia','UEFA',1307),('China','AFC',1305),('Honduras','CONCACAF',1302),('Gabón','CAF',1302),('Bolivia','CONMEBOL',1296),('Guinea','CAF',1290),('Jordania','AFC',1290),('Baréin','AFC',1281),('Curazao','CONCACAF',1279),('Haití','CONCACAF',1269),('Zambia','CAF',1267),('Uganda','CAF',1261),('Siria','AFC',1256),('Benín','CAF',1247),('Luxemburgo','UEFA',1244),('Armenia','UEFA',1234),('Palestina','AFC',1234),('Kirguistán','AFC',1230),('Vietnam','AFC',1227),('Bielorrusia','UEFA',1221),('Guinea Ecuat.','CAF',1216),('Líbano','AFC',1212),('Congo','CAF',1209),('Kenia','CAF',1202),('Madagascar','CAF',1201),('Mauritania','CAF',1198),('Trinidad','CONCACAF',1195),('Nueva Zelanda','OFC',1194),('India','AFC',1192),('Kosovo','UEFA',1187),('Tayikistán','AFC',1186),('Estonia','UEFA',1185),('Chipre','UEFA',1184),('Tailandia','AFC',1175),('Corea del Norte','AFC',1170),('Kazajistán','UEFA',1167),('Mozambique','CAF',1165),('Namibia','CAF',1164),('Guinea-Bisáu','CAF',1161),('Sierra Leona','CAF',1160),('Guatemala','CONCACAF',1157),('Angola','CAF',1156),('Libia','CAF',1154),('Níger','CAF',1153),('Islas Feroe','UEFA',1147),('Azerbaiyán','UEFA',1147),('Malaui','CAF',1145),('Zimbabue','CAF',1139),('Gambia','CAF',1137),('Togo','CAF',1129),('Sudán','CAF',1127),('Comoras','CAF',1123),('Tanzania','CAF',1120),('Antigua y Barb.','CONCACAF',1117),('África Central','CAF',1117),('Filipinas','AFC',1115),('Letonia','UEFA',1114),('Turkmenistán','AFC',1100),('Islas Salomón','OFC',1096),('Ruanda','CAF',1094),('Etiopía','CAF',1091),('Surinam','CONCACAF',1077),('St. Kitts/Nevis','CONCACAF',1077),('Burundi','CAF',1076),('Nicaragua','CONCACAF',1072),('Lituania','UEFA',1070),('Hong Kong','AFC',1062),('Malasia','AFC',1062),('Lesoto','CAF',1061),('Botsuana','CAF',1056),('Kuwait','AFC',1053),('Liberia','CAF',1050),('Andorra','UEFA',1035),('Indonesia','AFC',1034),('Rep. Dominicana','CONCACAF',1032),('Maldivas','AFC',1026),('Yemen','AFC',1024),('Afganistán','AFC',1023),('C. Taipéi','AFC',1018),('Myanmar','AFC',1008),('Papúa N. Guinea','OFC',1007),('Singapur','AFC',1004),('Nueva Caledonia','OFC',996),('Tahití','OFC',995),('Fiyi','OFC',989),('Vanuatu','OFC',986),('Sudán del Sur','CAF',984),('Barbados','CONCACAF',982),('Cuba','CONCACAF',979),('Malta','UEFA',978),('Bermudas','CONCACAF',977),('Puerto Rico','CONCACAF',974),('Guyana','CONCACAF',969),('Santa Lucía','CONCACAF',966),('Granada','CONCACAF',964),('Moldavia','UEFA',961),('Nepal','AFC',955),('Belice','CONCACAF',951),('Camboya','AFC',949),('San Vicente','CONCACAF',945),('Montserrat','CONCACAF',941),('Mauricio','CAF',932),('Chad','CAF',930),('Macao','AFC',922),('Mongolia','AFC',914),('Dominica','CONCACAF',912),('Bután','AFC',911),('Santo Tomé y P.','CAF',908),('Laos','AFC',906),('Samoa A.','OFC',900),('Islas Cook','OFC',899),('Brunéi','AFC',898),('Samoa','OFC',894),('Bangladés','AFC',884),('Yibuti','CAF',875),('Pakistán','AFC',867),('Islas Caimán','CONCACAF',866),('Liechtenstein','UEFA',862),('Tonga','OFC',862),('Timor-Leste','AFC',860),('Seychelles','CAF',860),('Eritrea','CAF',856),('Aruba','CONCACAF',855),('Bahamas','CONCACAF',855),('Somalia','CAF',855),('Gibraltar','UEFA',852),('Guam','AFC',838),('Turcas y Caicos','CONCACAF',832),('Sri Lanka','AFC',825),('Vírgenes A.','CONCACAF',824),('Vírgenes B.','CONCACAF',809),('Anguila','CONCACAF',791),('San Marino','UEFA',762);
/*!40000 ALTER TABLE `ranking` ENABLE KEYS */;
UNLOCK TABLES;

--
-- Table structure for table `reventa`
--

DROP TABLE IF EXISTS `reventa`;
/*!40101 SET @saved_cs_client     = @@character_set_client */;
/*!50503 SET character_set_client = utf8mb4 */;
CREATE TABLE `reventa` (
  `Pais1` varchar(100) DEFAULT NULL,
  `Pais2` varchar(100) DEFAULT NULL,
  `CAT1` int DEFAULT NULL,
  `CAT2` int DEFAULT NULL,
  `CAT3` int DEFAULT NULL
) ENGINE=InnoDB DEFAULT CHARSET=utf8mb4 COLLATE=utf8mb4_0900_ai_ci;
/*!40101 SET character_set_client = @saved_cs_client */;

--
-- Dumping data for table `reventa`
--

LOCK TABLES `reventa` WRITE;
/*!40000 ALTER TABLE `reventa` DISABLE KEYS */;
INSERT INTO `reventa` VALUES ('Catar','Ecuador',870,1125,1480),('Senegal','Países Bajos',350,0,0),('Inglaterra','Irán',300,420,650),('Estados Unidos','Gales',330,500,720),('Francia','Australia',220,225,570),('Dinamarca','Túnez',225,0,0),('México','Polonia',400,450,720),('Argentina','Arabia Saudita',420,0,0),('Bélgica','Canadá',230,300,540),('España','Costa Rica',150,225,370),('Alemania','Japón',225,0,0),('Marruecos','Croacia',250,330,490),('Suiza','Camerún',200,225,570),('Uruguay','Corea del Sur',270,420,570),('Portugal','Ghana',325,0,0),('Brasil','Serbia',350,350,660),('Gales','Irán',330,0,0),('Catar','Senegal',420,570,720),('Países Bajos','Ecuador',420,420,720),('Inglaterra','Estados Unidos',200,0,0),('Túnez','Australia',270,0,0),('Polonia','Arabia Saudita',320,580,600),('Francia','Dinamarca',270,420,660),('Argentina','México',450,0,0),('Japón','Costa Rica',420,0,0),('Bélgica','Marruecos',200,225,570),('Croacia','Canadá',320,420,540),('España','Alemania',420,600,750),('Camerun','Serbia',420,0,0),('Corea del Sur','Ghana',225,0,0),('Brasil','Suiza',420,680,750),('Portugal','Uruguay',200,0,0),('Gales','Inglaterra',300,420,570),('Irán','Estados Unidos',225,0,0),('Ecuador','Senegal',225,0,0),('Países Bajos','Catar',200,280,420),('Australia','Dinamarca',270,420,490),('Túnez','Francia',570,0,0),('Polonia','Argentina',420,900,1300),('Arabia Saudita','México',200,0,0),('Croacia','Bélgica',320,450,649),('Canadá','Marruecos',320,420,540),('Japón','España',225,0,0),('Costa Rica','Alemania',180,0,0),('Ghana','Uruguay',420,0,0),('Corea del Sur','Portugal',480,0,0),('Serbia','Suiza',420,0,0),('Camerún','Brasil',251,390,600),('1A','2B',345,540,720),('1C','2D',700,900,1200),('1B','2A',380,540,700),('1D','2C',450,0,0),('1E','2F',345,540,690),('1G','2H',345,0,0),('1F','2E',345,540,790);
/*!40000 ALTER TABLE `reventa` ENABLE KEYS */;
UNLOCK TABLES;
/*!40103 SET TIME_ZONE=@OLD_TIME_ZONE */;

/*!40101 SET SQL_MODE=@OLD_SQL_MODE */;
/*!40014 SET FOREIGN_KEY_CHECKS=@OLD_FOREIGN_KEY_CHECKS */;
/*!40014 SET UNIQUE_CHECKS=@OLD_UNIQUE_CHECKS */;
/*!40101 SET CHARACTER_SET_CLIENT=@OLD_CHARACTER_SET_CLIENT */;
/*!40101 SET CHARACTER_SET_RESULTS=@OLD_CHARACTER_SET_RESULTS */;
/*!40101 SET COLLATION_CONNECTION=@OLD_COLLATION_CONNECTION */;
/*!40111 SET SQL_NOTES=@OLD_SQL_NOTES */;

-- Dump completed on 2022-11-10 23:52:55
